"DELETED","RULESET","RULETYPE","LABEL","ORIGINALTEXT","DATECREATED","DATEMODIFIED","RULEID","CASCADELEVEL","RULENUM","SOURCEDOC","SURROUNDINGTEXT","INPUTMODEL","OUTPUTMODEL","AFSTRULE","TYPELIST","SHORTDESC","AUTHOR"
"N","Default","Phrases","","general Carlos Guedes","2009-01-15T00:00:00.000","2016-04-26T20:30:24.081","6AFB535478F6D73906A66066C2B3DB70","0","1","Portuguese People.anno","39-o general Carlos Guedes","<?xml version=""1.0"" encoding=""UTF-8""?><treeModel><node id="""" isNegative=""no"" isReference=""no"" isRegex=""no"" label="""" nodeImplementation=""Input"" originalValue=""Input"" reqd=""1"" type=""0"" value=""Input""><node id="""" isNegative=""no"" isReference=""no"" isRegex=""no"" label="""" nodeImplementation=""Input"" originalValue=""Phrases"" reqd=""1"" type=""1"" value=""Phrases""><node id=""1"" isNegative=""no"" isReference=""no"" isRegex=""no"" label="""" nodeImplementation=""Input"" originalValue=""DictTitle"" reqd=""2"" type=""6"" typeQualifier=""com.ibm."" value=""DictTitle""><node id=""1.1"" isNegative=""no"" isReference=""no"" isRegex=""no"" label=""Subtree"" nodeImplementation=""Input"" originalValue="""" reqd=""0"" type=""18"" value=""""><node id=""1.1.1"" isNegative=""no"" isReference=""no"" isRegex=""no"" label="""" nodeImplementation=""Input"" originalValue=""Token"" reqd=""0"" type=""2"" typeQualifier=""uima.tt."" value=""Token""><node id=""1.1.1.1"" isNegative=""no"" isReference=""no"" isRegex=""no"" label=""Type"" nodeImplementation=""Input"" originalValue=""LowercaseAlphabetic"" reqd=""0"" type=""3"" value=""LowercaseAlphabetic""/><node id=""1.1.1.2"" isNegative=""no"" isReference=""no"" isRegex=""no"" label=""Value"" nodeImplementation=""Input"" originalValue=""general"" reqd=""0"" type=""3"" value=""general""/><node id=""1.1.1.3"" isNegative=""no"" isReference=""no"" isRegex=""no"" label=""Lemma"" nodeImplementation=""Input"" originalValue=""general"" reqd=""0"" type=""3"" value=""general""/><node id=""1.1.1.4"" isNegative=""no"" isReference=""no"" isRegex=""no"" label=""Part Of Speech"" nodeImplementation=""Input"" originalValue=""Noun (Common)"" reqd=""0"" type=""3"" value=""Noun (Common)""/><node id=""1.1.1.5"" isNegative=""no"" isReference=""no"" isRegex=""no"" label=""Length"" nodeImplementation=""Input"" originalValue=""7"" reqd=""0"" type=""3"" value=""7""/></node></node></node><node id=""2"" isNegative=""no"" isReference=""no"" isRegex=""no"" label="""" nodeImplementation=""Input"" originalValue=""DictFirstName"" reqd=""3"" type=""6"" typeQualifier=""com.ibm."" value=""DictFirstName""><node id=""2.1"" isNegative=""no"" isReference=""no"" isRegex=""no"" label=""Subtree"" nodeImplementation=""Input"" originalValue="""" reqd=""0"" type=""18"" value=""""><node id=""2.1.1"" isNegative=""no"" isReference=""no"" isRegex=""no"" label="""" nodeImplementation=""Input"" originalValue=""Token"" reqd=""0"" type=""2"" typeQualifier=""uima.tt."" value=""Token""><node id=""2.1.1.1"" isNegative=""no"" isReference=""no"" isRegex=""no"" label=""Type"" nodeImplementation=""Input"" originalValue=""TitlecaseAlphabetic"" reqd=""0"" type=""3"" value=""TitlecaseAlphabetic""/><node id=""2.1.1.2"" isNegative=""no"" isReference=""no"" isRegex=""no"" label=""Value"" nodeImplementation=""Input"" originalValue=""carlos"" reqd=""0"" type=""3"" value=""carlos""/><node id=""2.1.1.3"" isNegative=""no"" isReference=""no"" isRegex=""no"" label=""Lemma"" nodeImplementation=""Input"" originalValue=""Carlos"" reqd=""0"" type=""3"" value=""Carlos""/><node id=""2.1.1.4"" isNegative=""no"" isReference=""no"" isRegex=""no"" label=""Part Of Speech"" nodeImplementation=""Input"" originalValue=""Noun (Common)"" reqd=""0"" type=""3"" value=""Noun (Common)""/><node id=""2.1.1.5"" isNegative=""no"" isReference=""no"" isRegex=""no"" label=""Length"" nodeImplementation=""Input"" originalValue=""6"" reqd=""0"" type=""3"" value=""6""/></node></node></node><node id=""3"" isNegative=""no"" isReference=""no"" isRegex=""no"" label="""" nodeImplementation=""Input"" originalValue=""Token"" reqd=""3"" type=""2"" typeQualifier=""uima.tt."" value=""Token""><node id=""3.1"" isNegative=""no"" isReference=""no"" isRegex=""no"" label=""Type"" nodeImplementation=""Input"" originalValue=""TitlecaseAlphabetic"" reqd=""1"" type=""3"" value=""TitlecaseAlphabetic""/><node id=""3.2"" isNegative=""no"" isReference=""no"" isRegex=""no"" label=""Value"" nodeImplementation=""Input"" originalValue=""guedes"" reqd=""0"" type=""3"" value=""guedes""/><node id=""3.3"" isNegative=""no"" isReference=""no"" isRegex=""no"" label=""Lemma"" nodeImplementation=""Input"" originalValue=""Guedes"" reqd=""0"" type=""3"" value=""Guedes""/><node id=""3.4"" isNegative=""no"" isReference=""no"" isRegex=""no"" label=""Part Of Speech"" nodeImplementation=""Input"" originalValue=""Noun (Common)"" reqd=""0"" type=""3"" value=""Noun (Common)""/><node id=""3.5"" isNegative=""no"" isReference=""no"" isRegex=""no"" label=""Length"" nodeImplementation=""Input"" originalValue=""6"" reqd=""0"" type=""3"" value=""6""/></node></node></node></treeModel>","<?xml version=""1.0"" encoding=""UTF-8""?><treeModel><node id="""" isNegative=""no"" isReference=""no"" isRegex=""no"" label=""Output"" nodeImplementation=""Output"" type=""4"" value=""Output""><node id="""" isNegative=""no"" isReference=""no"" isRegex=""no"" label=""1232060792932"" nodeImplementation=""Output"" type=""6"" typeQualifier=""com.ibm."" value=""Person""><node id="""" isNegative=""no"" isReference=""no"" isRegex=""no"" label=""Features"" nodeImplementation=""Output"" type=""9"" value=""""/><node id="""" isNegative=""no"" isReference=""no"" isRegex=""no"" label=""Subtree"" nodeImplementation=""Output"" type=""18"" typeQualifier=""com.ibm."" value=""""><node id=""1"" isNegative=""no"" isReference=""no"" isRegex=""no"" label="""" nodeImplementation=""Output"" type=""6"" typeQualifier=""com.ibm."" value=""DictTitle""><node id=""1.1"" isNegative=""no"" isReference=""no"" isRegex=""no"" label=""Subtree"" nodeImplementation=""Output"" type=""18"" value=""""><node id=""1.1.1"" isNegative=""no"" isReference=""no"" isRegex=""no"" label="""" nodeImplementation=""Output"" type=""2"" typeQualifier=""uima.tt."" value=""Token""><node id=""1.1.1.1"" isNegative=""no"" isReference=""no"" isRegex=""no"" label=""Type"" nodeImplementation=""Output"" type=""3"" value=""LowercaseAlphabetic""/><node id=""1.1.1.2"" isNegative=""no"" isReference=""no"" isRegex=""no"" label=""Value"" nodeImplementation=""Output"" type=""3"" value=""general""/><node id=""1.1.1.3"" isNegative=""no"" isReference=""no"" isRegex=""no"" label=""Lemma"" nodeImplementation=""Output"" type=""3"" value=""general""/><node id=""1.1.1.4"" isNegative=""no"" isReference=""no"" isRegex=""no"" label=""Part Of Speech"" nodeImplementation=""Output"" type=""3"" value=""Noun (Common)""/><node id=""1.1.1.5"" isNegative=""no"" isReference=""no"" isRegex=""no"" label=""Length"" nodeImplementation=""Output"" type=""3"" value=""7""/></node></node></node><node id=""2"" isNegative=""no"" isReference=""no"" isRegex=""no"" label="""" nodeImplementation=""Output"" type=""6"" typeQualifier=""com.ibm."" value=""DictFirstName""><node id=""2.1"" isNegative=""no"" isReference=""no"" isRegex=""no"" label=""Subtree"" nodeImplementation=""Output"" type=""18"" value=""""><node id=""2.1.1"" isNegative=""no"" isReference=""no"" isRegex=""no"" label="""" nodeImplementation=""Output"" type=""2"" typeQualifier=""uima.tt."" value=""Token""><node id=""2.1.1.1"" isNegative=""no"" isReference=""no"" isRegex=""no"" label=""Type"" nodeImplementation=""Output"" type=""3"" value=""TitlecaseAlphabetic""/><node id=""2.1.1.2"" isNegative=""no"" isReference=""no"" isRegex=""no"" label=""Value"" nodeImplementation=""Output"" type=""3"" value=""carlos""/><node id=""2.1.1.3"" isNegative=""no"" isReference=""no"" isRegex=""no"" label=""Lemma"" nodeImplementation=""Output"" type=""3"" value=""Carlos""/><node id=""2.1.1.4"" isNegative=""no"" isReference=""no"" isRegex=""no"" label=""Part Of Speech"" nodeImplementation=""Output"" type=""3"" value=""Noun (Common)""/><node id=""2.1.1.5"" isNegative=""no"" isReference=""no"" isRegex=""no"" label=""Length"" nodeImplementation=""Output"" type=""3"" value=""6""/></node></node></node><node id=""3"" isNegative=""no"" isReference=""no"" isRegex=""no"" label="""" nodeImplementation=""Output"" type=""2"" typeQualifier=""uima.tt."" value=""Token""><node id=""3.1"" isNegative=""no"" isReference=""no"" isRegex=""no"" label=""Type"" nodeImplementation=""Output"" type=""3"" value=""TitlecaseAlphabetic""/><node id=""3.2"" isNegative=""no"" isReference=""no"" isRegex=""no"" label=""Value"" nodeImplementation=""Output"" type=""3"" value=""guedes""/><node id=""3.3"" isNegative=""no"" isReference=""no"" isRegex=""no"" label=""Lemma"" nodeImplementation=""Output"" type=""3"" value=""Guedes""/><node id=""3.4"" isNegative=""no"" isReference=""no"" isRegex=""no"" label=""Part Of Speech"" nodeImplementation=""Output"" type=""3"" value=""Noun (Common)""/><node id=""3.5"" isNegative=""no"" isReference=""no"" isRegex=""no"" label=""Length"" nodeImplementation=""Output"" type=""3"" value=""6""/></node></node></node></node></treeModel>","( <E>/[Type_com_ibm_Person
. Type_com_ibm_DictTitle[]?
. Type_com_ibm_DictFirstName[]+
. (TitlecaseAlphabetic[] | (Type_uima_tt_DictionaryEntryAnnotation[@descend] . TitlecaseAlphabetic[] . <U>))+
. <E>/]Type_com_ibm_Person[\ruleId=""6AFB535478F6D73906A66066C2B3DB70""] )
. <E>/[$ruleid=""6AFB535478F6D73906A66066C2B3DB70""]","<?xml version=""1.0"" encoding=""UTF-8""?><root><alltypes><type name=""com.ibm.Person""><supertype name=""uima.tcas.Annotation""/><allfeatures><feature featuretype=""uima.cas.String"" name=""ruleId""/></allfeatures><allpriorities><lowerpriority name=""com.ibm.DictFirstName""/><lowerpriority name=""com.ibm.DictTitle""/><lowerpriority name=""uima.tt.TokenAnnotation""/></allpriorities></type></alltypes><allinputs><input name=""com.ibm.DictFirstName""><supertype name=""uima.tcas.Annotation""/><allfeatures/></input><input name=""com.ibm.DictTitle""><supertype name=""uima.tcas.Annotation""/><allfeatures/></input><input name=""uima.tt.TokenAnnotation""><supertype name=""uima.tcas.Annotation""/><allfeatures/></input></allinputs><allignoredtypes><ignoredtype covering=""uima.tt.TokenAnnotation"" enabled=""true"" name=""uima.tt.DictionaryEntryAnnotation""/></allignoredtypes><scope name=""Sentence""/><manuallyEdited>false</manuallyEdited><typemappings><mapping symbol=""Type_com_ibm_DictTitle"" typename=""com.ibm.DictTitle""/><mapping symbol=""Type_com_ibm_Person"" typename=""com.ibm.Person""/><mapping symbol=""Type_com_ibm_DictFirstName"" typename=""com.ibm.DictFirstName""/><mapping symbol=""Type_uima_tt_TokenAnnotation"" typename=""uima.tt.TokenAnnotation""/><mapping symbol=""Type_uima_tt_DictionaryEntryAnnotation"" typename=""uima.tt.DictionaryEntryAnnotation""/></typemappings></root>","",""
"N","Default","Phrases","","Carlos Henrique da Rocha Lima","2009-01-16T09:58:34.546","2016-04-26T20:30:24.143","B7A4EC61E8A803175A2F1AB14BA5E8AF","0","1","Portuguese People.anno","2- Carlos Henrique da Rocha Lima ","<?xml version=""1.0"" encoding=""UTF-8""?><treeModel><node id="""" isNegative=""no"" isReference=""no"" isRegex=""no"" label="""" nodeImplementation=""Input"" originalValue=""Input"" reqd=""1"" type=""0"" value=""Input""><node id="""" isNegative=""no"" isReference=""no"" isRegex=""no"" label="""" nodeImplementation=""Input"" originalValue=""Phrases"" reqd=""1"" type=""1"" value=""Phrases""><node id=""1"" isNegative=""no"" isReference=""no"" isRegex=""no"" label="""" nodeImplementation=""Input"" originalValue=""DictFirstName"" reqd=""1"" type=""6"" typeQualifier=""com.ibm."" value=""DictFirstName""><node id=""1.1"" isNegative=""no"" isReference=""no"" isRegex=""no"" label=""Subtree"" nodeImplementation=""Input"" originalValue="""" reqd=""0"" type=""18"" value=""""><node id=""1.1.1"" isNegative=""no"" isReference=""no"" isRegex=""no"" label="""" nodeImplementation=""Input"" originalValue=""Token"" reqd=""0"" type=""2"" typeQualifier=""com.ibm.uimatypes."" value=""Token""><node id=""1.1.1.1"" isNegative=""no"" isReference=""no"" isRegex=""no"" label=""Type"" nodeImplementation=""Input"" originalValue=""TitlecaseAlphabetic"" reqd=""0"" type=""3"" value=""TitlecaseAlphabetic""/><node id=""1.1.1.2"" isNegative=""no"" isReference=""no"" isRegex=""no"" label=""Value"" nodeImplementation=""Input"" originalValue=""carlos"" reqd=""0"" type=""3"" value=""carlos""/><node id=""1.1.1.3"" isNegative=""no"" isReference=""no"" isRegex=""no"" label=""Lemma"" nodeImplementation=""Input"" originalValue=""Carlos"" reqd=""0"" type=""3"" value=""Carlos""/><node id=""1.1.1.4"" isNegative=""no"" isReference=""no"" isRegex=""no"" label=""Part Of Speech"" nodeImplementation=""Input"" originalValue=""Noun (Common)"" reqd=""0"" type=""3"" value=""Noun (Common)""/><node id=""1.1.1.5"" isNegative=""no"" isReference=""no"" isRegex=""no"" label=""Length"" nodeImplementation=""Input"" originalValue=""6"" reqd=""0"" type=""3"" value=""6""/></node></node></node><node id=""2"" isNegative=""no"" isReference=""no"" isRegex=""no"" label="""" nodeImplementation=""Input"" originalValue=""DictFirstName"" reqd=""2"" type=""6"" typeQualifier=""com.ibm."" value=""DictFirstName""><node id=""2.1"" isNegative=""no"" isReference=""no"" isRegex=""no"" label=""Subtree"" nodeImplementation=""Input"" originalValue="""" reqd=""0"" type=""18"" value=""""><node id=""2.1.1"" isNegative=""no"" isReference=""no"" isRegex=""no"" label="""" nodeImplementation=""Input"" originalValue=""Token"" reqd=""0"" type=""2"" typeQualifier=""com.ibm.uimatypes."" value=""Token""><node id=""2.1.1.1"" isNegative=""no"" isReference=""no"" isRegex=""no"" label=""Type"" nodeImplementation=""Input"" originalValue=""TitlecaseAlphabetic"" reqd=""0"" type=""3"" value=""TitlecaseAlphabetic""/><node id=""2.1.1.2"" isNegative=""no"" isReference=""no"" isRegex=""no"" label=""Value"" nodeImplementation=""Input"" originalValue=""henrique"" reqd=""0"" type=""3"" value=""henrique""/><node id=""2.1.1.3"" isNegative=""no"" isReference=""no"" isRegex=""no"" label=""Lemma"" nodeImplementation=""Input"" originalValue=""Henrique"" reqd=""0"" type=""3"" value=""Henrique""/><node id=""2.1.1.4"" isNegative=""no"" isReference=""no"" isRegex=""no"" label=""Part Of Speech"" nodeImplementation=""Input"" originalValue=""Noun (Common)"" reqd=""0"" type=""3"" value=""Noun (Common)""/><node id=""2.1.1.5"" isNegative=""no"" isReference=""no"" isRegex=""no"" label=""Length"" nodeImplementation=""Input"" originalValue=""8"" reqd=""0"" type=""3"" value=""8""/></node></node></node><node id=""3"" isNegative=""no"" isReference=""no"" isRegex=""no"" label="""" nodeImplementation=""Input"" originalValue=""Token"" reqd=""2"" type=""2"" typeQualifier=""com.ibm.uimatypes."" value=""Token""><node id=""3.1"" isNegative=""no"" isReference=""no"" isRegex=""no"" label=""Type"" nodeImplementation=""Input"" originalValue=""LowercaseAlphabetic"" reqd=""1"" type=""3"" value=""LowercaseAlphabetic""/><node id=""3.2"" isNegative=""no"" isReference=""no"" isRegex=""no"" label=""Value"" nodeImplementation=""Input"" originalValue=""da"" reqd=""0"" type=""3"" value=""da""/><node id=""3.3"" isNegative=""no"" isReference=""no"" isRegex=""no"" label=""Lemma"" nodeImplementation=""Input"" originalValue=""do"" reqd=""1"" type=""3"" value=""do""/><node id=""3.4"" isNegative=""no"" isReference=""no"" isRegex=""no"" label=""Part Of Speech"" nodeImplementation=""Input"" originalValue=""Determiner"" reqd=""0"" type=""3"" value=""Determiner""/><node id=""3.5"" isNegative=""no"" isReference=""no"" isRegex=""no"" label=""Length"" nodeImplementation=""Input"" originalValue=""2"" reqd=""0"" type=""3"" value=""2""/></node><node id=""4"" isNegative=""no"" isReference=""no"" isRegex=""no"" label="""" nodeImplementation=""Input"" originalValue=""Token"" reqd=""1"" type=""2"" typeQualifier=""com.ibm.uimatypes."" value=""Token""><node id=""4.1"" isNegative=""no"" isReference=""no"" isRegex=""no"" label=""Type"" nodeImplementation=""Input"" originalValue=""TitlecaseAlphabetic"" reqd=""1"" type=""3"" value=""TitlecaseAlphabetic""/><node id=""4.2"" isNegative=""no"" isReference=""no"" isRegex=""no"" label=""Value"" nodeImplementation=""Input"" originalValue=""rocha"" reqd=""0"" type=""3"" value=""rocha""/><node id=""4.3"" isNegative=""no"" isReference=""no"" isRegex=""no"" label=""Lemma"" nodeImplementation=""Input"" originalValue=""rocha"" reqd=""0"" type=""3"" value=""rocha""/><node id=""4.4"" isNegative=""no"" isReference=""no"" isRegex=""no"" label=""Part Of Speech"" nodeImplementation=""Input"" originalValue=""Noun (Common)"" reqd=""0"" type=""3"" value=""Noun (Common)""/><node id=""4.5"" isNegative=""no"" isReference=""no"" isRegex=""no"" label=""Length"" nodeImplementation=""Input"" originalValue=""5"" reqd=""0"" type=""3"" value=""5""/></node><node id=""5"" isNegative=""no"" isReference=""no"" isRegex=""no"" label="""" nodeImplementation=""Input"" originalValue=""Token"" reqd=""2"" type=""2"" typeQualifier=""com.ibm.uimatypes."" value=""Token""><node id=""5.1"" isNegative=""no"" isReference=""no"" isRegex=""no"" label=""Type"" nodeImplementation=""Input"" originalValue=""TitlecaseAlphabetic"" reqd=""1"" type=""3"" value=""TitlecaseAlphabetic""/><node id=""5.2"" isNegative=""no"" isReference=""no"" isRegex=""no"" label=""Value"" nodeImplementation=""Input"" originalValue=""lima"" reqd=""0"" type=""3"" value=""lima""/><node id=""5.3"" isNegative=""no"" isReference=""no"" isRegex=""no"" label=""Lemma"" nodeImplementation=""Input"" originalValue=""limar"" reqd=""0"" type=""3"" value=""limar""/><node id=""5.4"" isNegative=""no"" isReference=""no"" isRegex=""no"" label=""Part Of Speech"" nodeImplementation=""Input"" originalValue=""Verb"" reqd=""0"" type=""3"" value=""Verb""/><node id=""5.5"" isNegative=""no"" isReference=""no"" isRegex=""no"" label=""Length"" nodeImplementation=""Input"" originalValue=""4"" reqd=""0"" type=""3"" value=""4""/></node></node></node></treeModel>","<?xml version=""1.0"" encoding=""UTF-8""?><treeModel><node id="""" isNegative=""no"" isReference=""no"" isRegex=""no"" label=""Output"" nodeImplementation=""Output"" type=""4"" value=""Output""><node id="""" isNegative=""no"" isReference=""no"" isRegex=""no"" label=""1232099903531"" nodeImplementation=""Output"" type=""6"" typeQualifier=""com.ibm."" value=""Person""><node id="""" isNegative=""no"" isReference=""no"" isRegex=""no"" label=""Features"" nodeImplementation=""Output"" type=""9"" value=""""/><node id="""" isNegative=""no"" isReference=""no"" isRegex=""no"" label=""Subtree"" nodeImplementation=""Output"" type=""18"" typeQualifier=""com.ibm."" value=""""><node id=""1"" isNegative=""no"" isReference=""no"" isRegex=""no"" label="""" nodeImplementation=""Output"" type=""6"" typeQualifier=""com.ibm."" value=""DictFirstName""><node id=""1.1"" isNegative=""no"" isReference=""no"" isRegex=""no"" label=""Subtree"" nodeImplementation=""Output"" type=""18"" value=""""><node id=""1.1.1"" isNegative=""no"" isReference=""no"" isRegex=""no"" label="""" nodeImplementation=""Output"" type=""2"" typeQualifier=""com.ibm.uimatypes."" value=""Token""><node id=""1.1.1.1"" isNegative=""no"" isReference=""no"" isRegex=""no"" label=""Type"" nodeImplementation=""Output"" type=""3"" value=""TitlecaseAlphabetic""/><node id=""1.1.1.2"" isNegative=""no"" isReference=""no"" isRegex=""no"" label=""Value"" nodeImplementation=""Output"" type=""3"" value=""carlos""/><node id=""1.1.1.3"" isNegative=""no"" isReference=""no"" isRegex=""no"" label=""Lemma"" nodeImplementation=""Output"" type=""3"" value=""Carlos""/><node id=""1.1.1.4"" isNegative=""no"" isReference=""no"" isRegex=""no"" label=""Part Of Speech"" nodeImplementation=""Output"" type=""3"" value=""Noun (Common)""/><node id=""1.1.1.5"" isNegative=""no"" isReference=""no"" isRegex=""no"" label=""Length"" nodeImplementation=""Output"" type=""3"" value=""6""/></node></node></node><node id=""2"" isNegative=""no"" isReference=""no"" isRegex=""no"" label="""" nodeImplementation=""Output"" type=""6"" typeQualifier=""com.ibm."" value=""DictFirstName""><node id=""2.1"" isNegative=""no"" isReference=""no"" isRegex=""no"" label=""Subtree"" nodeImplementation=""Output"" type=""18"" value=""""><node id=""2.1.1"" isNegative=""no"" isReference=""no"" isRegex=""no"" label="""" nodeImplementation=""Output"" type=""2"" typeQualifier=""com.ibm.uimatypes."" value=""Token""><node id=""2.1.1.1"" isNegative=""no"" isReference=""no"" isRegex=""no"" label=""Type"" nodeImplementation=""Output"" type=""3"" value=""TitlecaseAlphabetic""/><node id=""2.1.1.2"" isNegative=""no"" isReference=""no"" isRegex=""no"" label=""Value"" nodeImplementation=""Output"" type=""3"" value=""henrique""/><node id=""2.1.1.3"" isNegative=""no"" isReference=""no"" isRegex=""no"" label=""Lemma"" nodeImplementation=""Output"" type=""3"" value=""Henrique""/><node id=""2.1.1.4"" isNegative=""no"" isReference=""no"" isRegex=""no"" label=""Part Of Speech"" nodeImplementation=""Output"" type=""3"" value=""Noun (Common)""/><node id=""2.1.1.5"" isNegative=""no"" isReference=""no"" isRegex=""no"" label=""Length"" nodeImplementation=""Output"" type=""3"" value=""8""/></node></node></node><node id=""3"" isNegative=""no"" isReference=""no"" isRegex=""no"" label="""" nodeImplementation=""Output"" type=""2"" typeQualifier=""com.ibm.uimatypes."" value=""Token""><node id=""3.1"" isNegative=""no"" isReference=""no"" isRegex=""no"" label=""Type"" nodeImplementation=""Output"" type=""3"" value=""LowercaseAlphabetic""/><node id=""3.2"" isNegative=""no"" isReference=""no"" isRegex=""no"" label=""Value"" nodeImplementation=""Output"" type=""3"" value=""da""/><node id=""3.3"" isNegative=""no"" isReference=""no"" isRegex=""no"" label=""Lemma"" nodeImplementation=""Output"" type=""3"" value=""do""/><node id=""3.4"" isNegative=""no"" isReference=""no"" isRegex=""no"" label=""Part Of Speech"" nodeImplementation=""Output"" type=""3"" value=""Determiner""/><node id=""3.5"" isNegative=""no"" isReference=""no"" isRegex=""no"" label=""Length"" nodeImplementation=""Output"" type=""3"" value=""2""/></node><node id=""4"" isNegative=""no"" isReference=""no"" isRegex=""no"" label="""" nodeImplementation=""Output"" type=""2"" typeQualifier=""com.ibm.uimatypes."" value=""Token""><node id=""4.1"" isNegative=""no"" isReference=""no"" isRegex=""no"" label=""Type"" nodeImplementation=""Output"" type=""3"" value=""TitlecaseAlphabetic""/><node id=""4.2"" isNegative=""no"" isReference=""no"" isRegex=""no"" label=""Value"" nodeImplementation=""Output"" type=""3"" value=""rocha""/><node id=""4.3"" isNegative=""no"" isReference=""no"" isRegex=""no"" label=""Lemma"" nodeImplementation=""Output"" type=""3"" value=""rocha""/><node id=""4.4"" isNegative=""no"" isReference=""no"" isRegex=""no"" label=""Part Of Speech"" nodeImplementation=""Output"" type=""3"" value=""Noun (Common)""/><node id=""4.5"" isNegative=""no"" isReference=""no"" isRegex=""no"" label=""Length"" nodeImplementation=""Output"" type=""3"" value=""5""/></node><node id=""5"" isNegative=""no"" isReference=""no"" isRegex=""no"" label="""" nodeImplementation=""Output"" type=""2"" typeQualifier=""com.ibm.uimatypes."" value=""Token""><node id=""5.1"" isNegative=""no"" isReference=""no"" isRegex=""no"" label=""Type"" nodeImplementation=""Output"" type=""3"" value=""TitlecaseAlphabetic""/><node id=""5.2"" isNegative=""no"" isReference=""no"" isRegex=""no"" label=""Value"" nodeImplementation=""Output"" type=""3"" value=""lima""/><node id=""5.3"" isNegative=""no"" isReference=""no"" isRegex=""no"" label=""Lemma"" nodeImplementation=""Output"" type=""3"" value=""limar""/><node id=""5.4"" isNegative=""no"" isReference=""no"" isRegex=""no"" label=""Part Of Speech"" nodeImplementation=""Output"" type=""3"" value=""Verb""/><node id=""5.5"" isNegative=""no"" isReference=""no"" isRegex=""no"" label=""Length"" nodeImplementation=""Output"" type=""3"" value=""4""/></node></node></node></node></treeModel>","( <E>/[Type_com_ibm_Person
. Type_com_ibm_DictFirstName[]
. Type_com_ibm_DictFirstName[]?
. (LowercaseAlphabetic[_lemma=~""do""] | (Type_uima_tt_DictionaryEntryAnnotation[@descend] . LowercaseAlphabetic[_lemma=~""do""] . <U>))?
. (TitlecaseAlphabetic[] | (Type_uima_tt_DictionaryEntryAnnotation[@descend] . TitlecaseAlphabetic[] . <U>))
. (TitlecaseAlphabetic[] | (Type_uima_tt_DictionaryEntryAnnotation[@descend] . TitlecaseAlphabetic[] . <U>))?
. <E>/]Type_com_ibm_Person[\ruleId=""B7A4EC61E8A803175A2F1AB14BA5E8AF""] )
. <E>/[$ruleid=""B7A4EC61E8A803175A2F1AB14BA5E8AF""]","<?xml version=""1.0"" encoding=""UTF-8""?><root><alltypes><type name=""com.ibm.Person""><supertype name=""uima.tcas.Annotation""/><allfeatures><feature featuretype=""uima.cas.String"" name=""ruleId""/></allfeatures><allpriorities><lowerpriority name=""com.ibm.DictFirstName""/><lowerpriority name=""uima.tt.TokenAnnotation""/></allpriorities></type></alltypes><allinputs><input name=""com.ibm.DictFirstName""><supertype name=""uima.tcas.Annotation""/><allfeatures/></input><input name=""uima.tt.TokenAnnotation""><supertype name=""uima.tcas.Annotation""/><allfeatures/></input></allinputs><allignoredtypes><ignoredtype covering=""uima.tt.TokenAnnotation"" enabled=""true"" name=""uima.tt.DictionaryEntryAnnotation""/></allignoredtypes><scope name=""Sentence""/><manuallyEdited>false</manuallyEdited><typemappings><mapping symbol=""Type_com_ibm_Person"" typename=""com.ibm.Person""/><mapping symbol=""Type_com_ibm_DictFirstName"" typename=""com.ibm.DictFirstName""/><mapping symbol=""Type_uima_tt_TokenAnnotation"" typename=""uima.tt.TokenAnnotation""/><mapping symbol=""Type_uima_tt_DictionaryEntryAnnotation"" typename=""uima.tt.DictionaryEntryAnnotation""/></typemappings></root>","",""
"N","Default","Entities","","João","2009-01-16T10:01:32.093","2016-04-26T20:30:24.253","705575D2D7196CD54474C9775316AC47","1","1","Portuguese People.anno","3- João","<?xml version=""1.0"" encoding=""UTF-8""?><treeModel><node id="""" isNegative=""no"" isReference=""no"" isRegex=""no"" label="""" nodeImplementation=""Input"" originalValue=""Input"" reqd=""1"" type=""0"" value=""Input""><node id="""" isNegative=""no"" isReference=""no"" isRegex=""no"" label="""" nodeImplementation=""Input"" originalValue=""Entities"" reqd=""1"" type=""1"" value=""Entities""><node id=""1"" isNegative=""no"" isReference=""no"" isRegex=""no"" label="""" nodeImplementation=""Input"" originalValue=""DictFirstName"" reqd=""3"" type=""6"" typeQualifier=""com.ibm."" value=""DictFirstName""><node id=""1.1"" isNegative=""no"" isReference=""no"" isRegex=""no"" label=""Subtree"" nodeImplementation=""Input"" originalValue="""" reqd=""0"" type=""18"" value=""""><node id=""1.1.1"" isNegative=""no"" isReference=""no"" isRegex=""no"" label="""" nodeImplementation=""Input"" originalValue=""Token"" reqd=""0"" type=""2"" typeQualifier=""uima.tt."" value=""Token""><node id=""1.1.1.1"" isNegative=""no"" isReference=""no"" isRegex=""no"" label=""Type"" nodeImplementation=""Input"" originalValue=""TitlecaseAlphabetic"" reqd=""0"" type=""3"" value=""TitlecaseAlphabetic""/><node id=""1.1.1.2"" isNegative=""no"" isReference=""no"" isRegex=""no"" label=""Value"" nodeImplementation=""Input"" originalValue=""joão"" reqd=""0"" type=""3"" value=""joão""/><node id=""1.1.1.3"" isNegative=""no"" isReference=""no"" isRegex=""no"" label=""Lemma"" nodeImplementation=""Input"" originalValue=""João"" reqd=""0"" type=""3"" value=""João""/><node id=""1.1.1.4"" isNegative=""no"" isReference=""no"" isRegex=""no"" label=""Part Of Speech"" nodeImplementation=""Input"" originalValue=""Noun (Common)"" reqd=""0"" type=""3"" value=""Noun (Common)""/><node id=""1.1.1.5"" isNegative=""no"" isReference=""no"" isRegex=""no"" label=""Length"" nodeImplementation=""Input"" originalValue=""4"" reqd=""0"" type=""3"" value=""4""/></node></node></node></node></node></treeModel>","<?xml version=""1.0"" encoding=""UTF-8""?><treeModel><node id="""" isNegative=""no"" isReference=""no"" isRegex=""no"" label=""Output"" nodeImplementation=""Output"" type=""4"" value=""Output""><node id="""" isNegative=""no"" isReference=""no"" isRegex=""no"" label=""1232100086234"" nodeImplementation=""Output"" type=""6"" typeQualifier=""com.ibm."" value=""Person""><node id="""" isNegative=""no"" isReference=""no"" isRegex=""no"" label=""Features"" nodeImplementation=""Output"" type=""9"" value=""""/><node id="""" isNegative=""no"" isReference=""no"" isRegex=""no"" label=""Subtree"" nodeImplementation=""Output"" type=""18"" typeQualifier=""com.ibm."" value=""""><node id=""1"" isNegative=""no"" isReference=""no"" isRegex=""no"" label="""" nodeImplementation=""Output"" type=""6"" typeQualifier=""com.ibm."" value=""DictFirstName""><node id=""1.1"" isNegative=""no"" isReference=""no"" isRegex=""no"" label=""Subtree"" nodeImplementation=""Output"" type=""18"" value=""""><node id=""1.1.1"" isNegative=""no"" isReference=""no"" isRegex=""no"" label="""" nodeImplementation=""Output"" type=""2"" typeQualifier=""uima.tt."" value=""Token""><node id=""1.1.1.1"" isNegative=""no"" isReference=""no"" isRegex=""no"" label=""Type"" nodeImplementation=""Output"" type=""3"" value=""TitlecaseAlphabetic""/><node id=""1.1.1.2"" isNegative=""no"" isReference=""no"" isRegex=""no"" label=""Value"" nodeImplementation=""Output"" type=""3"" value=""joão""/><node id=""1.1.1.3"" isNegative=""no"" isReference=""no"" isRegex=""no"" label=""Lemma"" nodeImplementation=""Output"" type=""3"" value=""João""/><node id=""1.1.1.4"" isNegative=""no"" isReference=""no"" isRegex=""no"" label=""Part Of Speech"" nodeImplementation=""Output"" type=""3"" value=""Noun (Common)""/><node id=""1.1.1.5"" isNegative=""no"" isReference=""no"" isRegex=""no"" label=""Length"" nodeImplementation=""Output"" type=""3"" value=""4""/></node></node></node></node></node></node></treeModel>","( <E>/[Type_com_ibm_Person
. Type_com_ibm_DictFirstName[]+
. <E>/]Type_com_ibm_Person[\ruleId=""705575D2D7196CD54474C9775316AC47""] )
. <E>/[$ruleid=""705575D2D7196CD54474C9775316AC47""]","<?xml version=""1.0"" encoding=""UTF-8""?><root><alltypes><type name=""com.ibm.Person""><supertype name=""uima.tcas.Annotation""/><allfeatures><feature featuretype=""uima.cas.String"" name=""ruleId""/></allfeatures><allpriorities><lowerpriority name=""com.ibm.DictFirstName""/></allpriorities></type></alltypes><allinputs><input name=""com.ibm.DictFirstName""><supertype name=""uima.tcas.Annotation""/><allfeatures/></input></allinputs><allignoredtypes><ignoredtype covering=""uima.tt.TokenAnnotation"" enabled=""true"" name=""uima.tt.DictionaryEntryAnnotation""/></allignoredtypes><scope name=""Sentence""/><manuallyEdited>false</manuallyEdited><typemappings><mapping symbol=""Type_com_ibm_Person"" typename=""com.ibm.Person""/><mapping symbol=""Type_com_ibm_DictFirstName"" typename=""com.ibm.DictFirstName""/><mapping symbol=""Type_uima_tt_TokenAnnotation"" typename=""uima.tt.TokenAnnotation""/><mapping symbol=""Type_uima_tt_DictionaryEntryAnnotation"" typename=""uima.tt.DictionaryEntryAnnotation""/></typemappings></root>","",""
"N","Default","Phrases","","general Mourão Filho","2009-01-16T10:03:53.828","2016-04-26T20:30:24.268","294DAF0390FB45211BD50EC2DC30FB57","0","1","Portuguese People.anno","16- general Mourão Filho","<?xml version=""1.0"" encoding=""UTF-8""?><treeModel><node id="""" isNegative=""no"" isReference=""no"" isRegex=""no"" label="""" nodeImplementation=""Input"" reqd=""1"" type=""0"" value=""Input""><node id="""" isNegative=""no"" isReference=""no"" isRegex=""no"" label="""" nodeImplementation=""Input"" reqd=""1"" type=""1"" value=""Phrases""><node id=""1"" isNegative=""no"" isReference=""no"" isRegex=""no"" label="""" nodeImplementation=""Input"" reqd=""1"" type=""6"" typeQualifier=""com.ibm."" value=""DictTitle""><node id=""1.1"" isNegative=""no"" isReference=""no"" isRegex=""no"" label=""Subtree"" nodeImplementation=""Input"" reqd=""0"" type=""18"" value=""""><node id=""1.1.1"" isNegative=""no"" isReference=""no"" isRegex=""no"" label="""" nodeImplementation=""Input"" reqd=""0"" type=""2"" typeQualifier=""com.ibm.uimatypes."" value=""Token""><node id=""1.1.1.1"" isNegative=""no"" isReference=""no"" isRegex=""no"" label=""Type"" nodeImplementation=""Input"" originalValue=""LowercaseAlphabetic"" reqd=""0"" type=""3"" value=""LowercaseAlphabetic""/><node id=""1.1.1.2"" isNegative=""no"" isReference=""no"" isRegex=""no"" label=""Value"" nodeImplementation=""Input"" reqd=""0"" type=""3"" value=""general""/><node id=""1.1.1.3"" isNegative=""no"" isReference=""no"" isRegex=""no"" label=""Lemma"" nodeImplementation=""Input"" reqd=""0"" type=""3"" value=""general""/><node id=""1.1.1.4"" isNegative=""no"" isReference=""no"" isRegex=""no"" label=""Part Of Speech"" nodeImplementation=""Input"" reqd=""0"" type=""3"" value=""Noun (Common)""/><node id=""1.1.1.5"" isNegative=""no"" isReference=""no"" isRegex=""no"" label=""Length"" nodeImplementation=""Input"" reqd=""0"" type=""3"" value=""7""/></node></node></node><node id=""2"" isNegative=""no"" isReference=""no"" isRegex=""no"" label="""" nodeImplementation=""Input"" reqd=""1"" type=""2"" typeQualifier=""com.ibm.uimatypes."" value=""Token""><node id=""2.1"" isNegative=""no"" isReference=""no"" isRegex=""no"" label=""Type"" nodeImplementation=""Input"" originalValue=""TitlecaseAlphabetic"" reqd=""1"" type=""3"" value=""TitlecaseAlphabetic""/><node id=""2.2"" isNegative=""no"" isReference=""no"" isRegex=""no"" label=""Value"" nodeImplementation=""Input"" reqd=""0"" type=""3"" value=""mourão""/><node id=""2.3"" isNegative=""no"" isReference=""no"" isRegex=""no"" label=""Lemma"" nodeImplementation=""Input"" reqd=""0"" type=""3"" value=""Mourão""/><node id=""2.4"" isNegative=""no"" isReference=""no"" isRegex=""no"" label=""Part Of Speech"" nodeImplementation=""Input"" reqd=""0"" type=""3"" value=""Noun (Common)""/><node id=""2.5"" isNegative=""no"" isReference=""no"" isRegex=""no"" label=""Length"" nodeImplementation=""Input"" reqd=""0"" type=""3"" value=""6""/></node><node id=""3"" isNegative=""no"" isReference=""no"" isRegex=""no"" label="""" nodeImplementation=""Input"" reqd=""2"" type=""2"" typeQualifier=""com.ibm.uimatypes."" value=""Token""><node id=""3.1"" isNegative=""no"" isReference=""no"" isRegex=""no"" label=""Type"" nodeImplementation=""Input"" originalValue=""TitlecaseAlphabetic"" reqd=""1"" type=""3"" value=""TitlecaseAlphabetic""/><node id=""3.2"" isNegative=""no"" isReference=""no"" isRegex=""no"" label=""Value"" nodeImplementation=""Input"" reqd=""0"" type=""3"" value=""filho""/><node id=""3.3"" isNegative=""no"" isReference=""no"" isRegex=""no"" label=""Lemma"" nodeImplementation=""Input"" reqd=""0"" type=""3"" value=""filhar""/><node id=""3.4"" isNegative=""no"" isReference=""no"" isRegex=""no"" label=""Part Of Speech"" nodeImplementation=""Input"" reqd=""0"" type=""3"" value=""Verb""/><node id=""3.5"" isNegative=""no"" isReference=""no"" isRegex=""no"" label=""Length"" nodeImplementation=""Input"" reqd=""0"" type=""3"" value=""5""/></node></node></node></treeModel>","<?xml version=""1.0"" encoding=""UTF-8""?><treeModel><node id="""" isNegative=""no"" isReference=""no"" isRegex=""no"" label=""Output"" nodeImplementation=""Output"" type=""4"" value=""Output""><node id="""" isNegative=""no"" isReference=""no"" isRegex=""no"" label=""1232100227937"" nodeImplementation=""Output"" type=""6"" typeQualifier=""com.ibm."" value=""Person""><node id="""" isNegative=""no"" isReference=""no"" isRegex=""no"" label=""Features"" nodeImplementation=""Output"" type=""9"" value=""""/><node id="""" isNegative=""no"" isReference=""no"" isRegex=""no"" label=""Subtree"" nodeImplementation=""Output"" type=""18"" typeQualifier=""com.ibm."" value=""""><node id=""1"" isNegative=""no"" isReference=""no"" isRegex=""no"" label="""" nodeImplementation=""Output"" type=""6"" typeQualifier=""com.ibm."" value=""DictTitle""><node id=""1.1"" isNegative=""no"" isReference=""no"" isRegex=""no"" label=""Subtree"" nodeImplementation=""Output"" type=""18"" value=""""><node id=""1.1.1"" isNegative=""no"" isReference=""no"" isRegex=""no"" label="""" nodeImplementation=""Output"" type=""2"" typeQualifier=""com.ibm.uimatypes."" value=""Token""><node id=""1.1.1.1"" isNegative=""no"" isReference=""no"" isRegex=""no"" label=""Type"" nodeImplementation=""Output"" type=""3"" value=""LowercaseAlphabetic""/><node id=""1.1.1.2"" isNegative=""no"" isReference=""no"" isRegex=""no"" label=""Value"" nodeImplementation=""Output"" type=""3"" value=""general""/><node id=""1.1.1.3"" isNegative=""no"" isReference=""no"" isRegex=""no"" label=""Lemma"" nodeImplementation=""Output"" type=""3"" value=""general""/><node id=""1.1.1.4"" isNegative=""no"" isReference=""no"" isRegex=""no"" label=""Part Of Speech"" nodeImplementation=""Output"" type=""3"" value=""Noun (Common)""/><node id=""1.1.1.5"" isNegative=""no"" isReference=""no"" isRegex=""no"" label=""Length"" nodeImplementation=""Output"" type=""3"" value=""7""/></node></node></node><node id=""2"" isNegative=""no"" isReference=""no"" isRegex=""no"" label="""" nodeImplementation=""Output"" type=""2"" typeQualifier=""com.ibm.uimatypes."" value=""Token""><node id=""2.1"" isNegative=""no"" isReference=""no"" isRegex=""no"" label=""Type"" nodeImplementation=""Output"" type=""3"" value=""TitlecaseAlphabetic""/><node id=""2.2"" isNegative=""no"" isReference=""no"" isRegex=""no"" label=""Value"" nodeImplementation=""Output"" type=""3"" value=""mourão""/><node id=""2.3"" isNegative=""no"" isReference=""no"" isRegex=""no"" label=""Lemma"" nodeImplementation=""Output"" type=""3"" value=""Mourão""/><node id=""2.4"" isNegative=""no"" isReference=""no"" isRegex=""no"" label=""Part Of Speech"" nodeImplementation=""Output"" type=""3"" value=""Noun (Common)""/><node id=""2.5"" isNegative=""no"" isReference=""no"" isRegex=""no"" label=""Length"" nodeImplementation=""Output"" type=""3"" value=""6""/></node><node id=""3"" isNegative=""no"" isReference=""no"" isRegex=""no"" label="""" nodeImplementation=""Output"" type=""2"" typeQualifier=""com.ibm.uimatypes."" value=""Token""><node id=""3.1"" isNegative=""no"" isReference=""no"" isRegex=""no"" label=""Type"" nodeImplementation=""Output"" type=""3"" value=""TitlecaseAlphabetic""/><node id=""3.2"" isNegative=""no"" isReference=""no"" isRegex=""no"" label=""Value"" nodeImplementation=""Output"" type=""3"" value=""filho""/><node id=""3.3"" isNegative=""no"" isReference=""no"" isRegex=""no"" label=""Lemma"" nodeImplementation=""Output"" type=""3"" value=""filhar""/><node id=""3.4"" isNegative=""no"" isReference=""no"" isRegex=""no"" label=""Part Of Speech"" nodeImplementation=""Output"" type=""3"" value=""Verb""/><node id=""3.5"" isNegative=""no"" isReference=""no"" isRegex=""no"" label=""Length"" nodeImplementation=""Output"" type=""3"" value=""5""/></node></node></node></node></treeModel>","( <E>/[Type_com_ibm_Person
. Type_com_ibm_DictTitle[]
. (TitlecaseAlphabetic[] | (Type_uima_tt_DictionaryEntryAnnotation[@descend] . TitlecaseAlphabetic[] . <U>))
. (TitlecaseAlphabetic[] | (Type_uima_tt_DictionaryEntryAnnotation[@descend] . TitlecaseAlphabetic[] . <U>))?
. <E>/]Type_com_ibm_Person[\ruleId=""294DAF0390FB45211BD50EC2DC30FB57""] )
. <E>/[$ruleid=""294DAF0390FB45211BD50EC2DC30FB57""]","<?xml version=""1.0"" encoding=""UTF-8""?><root><alltypes><type name=""com.ibm.Person""><supertype name=""uima.tcas.Annotation""/><allfeatures><feature featuretype=""uima.cas.String"" name=""ruleId""/></allfeatures><allpriorities><lowerpriority name=""com.ibm.DictTitle""/><lowerpriority name=""uima.tt.TokenAnnotation""/></allpriorities></type></alltypes><allinputs><input name=""com.ibm.DictTitle""><supertype name=""uima.tcas.Annotation""/><allfeatures/></input><input name=""uima.tt.TokenAnnotation""><supertype name=""uima.tcas.Annotation""/><allfeatures/></input></allinputs><allignoredtypes><ignoredtype covering=""uima.tt.TokenAnnotation"" enabled=""true"" name=""uima.tt.DictionaryEntryAnnotation""/></allignoredtypes><scope name=""Sentence""/><manuallyEdited>false</manuallyEdited><typemappings><mapping symbol=""Type_com_ibm_DictTitle"" typename=""com.ibm.DictTitle""/><mapping symbol=""Type_com_ibm_Person"" typename=""com.ibm.Person""/><mapping symbol=""Type_uima_tt_TokenAnnotation"" typename=""uima.tt.TokenAnnotation""/><mapping symbol=""Type_uima_tt_DictionaryEntryAnnotation"" typename=""uima.tt.DictionaryEntryAnnotation""/></typemappings></root>","",""
"N","Default","Phrases","","marechal Humberto de Alencar Castello Branco","2009-01-16T10:09:03.582","2016-04-26T20:30:24.331","894C567593F559060F7C5A8B28DF71E8","0","1","Portuguese People.anno","41- marechal Humberto de Alencar Castello Branco.","<?xml version=""1.0"" encoding=""UTF-8""?><treeModel><node id="""" isNegative=""no"" isReference=""no"" isRegex=""no"" label="""" nodeImplementation=""Input"" reqd=""1"" type=""0"" value=""Input""><node id="""" isNegative=""no"" isReference=""no"" isRegex=""no"" label="""" nodeImplementation=""Input"" reqd=""1"" type=""1"" value=""Phrases""><node id=""1"" isNegative=""no"" isReference=""no"" isRegex=""no"" label="""" nodeImplementation=""Input"" reqd=""1"" type=""6"" typeQualifier=""com.ibm."" value=""DictTitle""><node id=""1.1"" isNegative=""no"" isReference=""no"" isRegex=""no"" label=""Subtree"" nodeImplementation=""Input"" reqd=""0"" type=""18"" value=""""><node id=""1.1.1"" isNegative=""no"" isReference=""no"" isRegex=""no"" label="""" nodeImplementation=""Input"" reqd=""0"" type=""2"" typeQualifier=""com.ibm.uimatypes."" value=""Token""><node id=""1.1.1.1"" isNegative=""no"" isReference=""no"" isRegex=""no"" label=""Type"" nodeImplementation=""Input"" originalValue=""LowercaseAlphabetic"" reqd=""0"" type=""3"" value=""LowercaseAlphabetic""/><node id=""1.1.1.2"" isNegative=""no"" isReference=""no"" isRegex=""no"" label=""Value"" nodeImplementation=""Input"" reqd=""0"" type=""3"" value=""marechal""/><node id=""1.1.1.3"" isNegative=""no"" isReference=""no"" isRegex=""no"" label=""Lemma"" nodeImplementation=""Input"" reqd=""0"" type=""3"" value=""marechal""/><node id=""1.1.1.4"" isNegative=""no"" isReference=""no"" isRegex=""no"" label=""Part Of Speech"" nodeImplementation=""Input"" reqd=""0"" type=""3"" value=""Noun (Common)""/><node id=""1.1.1.5"" isNegative=""no"" isReference=""no"" isRegex=""no"" label=""Length"" nodeImplementation=""Input"" reqd=""0"" type=""3"" value=""8""/></node></node></node><node id=""2"" isNegative=""no"" isReference=""no"" isRegex=""no"" label="""" nodeImplementation=""Input"" reqd=""3"" type=""6"" typeQualifier=""com.ibm."" value=""DictFirstName""><node id=""2.1"" isNegative=""no"" isReference=""no"" isRegex=""no"" label=""Subtree"" nodeImplementation=""Input"" reqd=""0"" type=""18"" value=""""><node id=""2.1.1"" isNegative=""no"" isReference=""no"" isRegex=""no"" label="""" nodeImplementation=""Input"" reqd=""0"" type=""2"" typeQualifier=""com.ibm.uimatypes."" value=""Token""><node id=""2.1.1.1"" isNegative=""no"" isReference=""no"" isRegex=""no"" label=""Type"" nodeImplementation=""Input"" originalValue=""TitlecaseAlphabetic"" reqd=""0"" type=""3"" value=""TitlecaseAlphabetic""/><node id=""2.1.1.2"" isNegative=""no"" isReference=""no"" isRegex=""no"" label=""Value"" nodeImplementation=""Input"" reqd=""0"" type=""3"" value=""humberto""/><node id=""2.1.1.3"" isNegative=""no"" isReference=""no"" isRegex=""no"" label=""Lemma"" nodeImplementation=""Input"" reqd=""0"" type=""3"" value=""Humberto""/><node id=""2.1.1.4"" isNegative=""no"" isReference=""no"" isRegex=""no"" label=""Part Of Speech"" nodeImplementation=""Input"" reqd=""0"" type=""3"" value=""Noun (Common)""/><node id=""2.1.1.5"" isNegative=""no"" isReference=""no"" isRegex=""no"" label=""Length"" nodeImplementation=""Input"" reqd=""0"" type=""3"" value=""8""/></node></node></node><node id=""3"" isNegative=""no"" isReference=""no"" isRegex=""no"" label="""" nodeImplementation=""Input"" reqd=""2"" type=""2"" typeQualifier=""com.ibm.uimatypes."" value=""Token""><node id=""3.1"" isNegative=""no"" isReference=""no"" isRegex=""no"" label=""Type"" nodeImplementation=""Input"" originalValue=""LowercaseAlphabetic"" reqd=""1"" type=""3"" value=""LowercaseAlphabetic""/><node id=""3.2"" isNegative=""no"" isReference=""no"" isRegex=""no"" label=""Value"" nodeImplementation=""Input"" reqd=""0"" type=""3"" value=""de""/><node id=""3.3"" isNegative=""no"" isReference=""no"" isRegex=""no"" label=""Lemma"" nodeImplementation=""Input"" reqd=""1"" type=""3"" value=""de""/><node id=""3.4"" isNegative=""no"" isReference=""no"" isRegex=""no"" label=""Part Of Speech"" nodeImplementation=""Input"" reqd=""0"" type=""3"" value=""Preposition""/><node id=""3.5"" isNegative=""no"" isReference=""no"" isRegex=""no"" label=""Length"" nodeImplementation=""Input"" reqd=""0"" type=""3"" value=""2""/></node><node id=""4"" isNegative=""no"" isReference=""no"" isRegex=""no"" label="""" nodeImplementation=""Input"" reqd=""1"" type=""2"" typeQualifier=""com.ibm.uimatypes."" value=""Token""><node id=""4.1"" isNegative=""no"" isReference=""no"" isRegex=""no"" label=""Type"" nodeImplementation=""Input"" originalValue=""TitlecaseAlphabetic"" reqd=""1"" type=""3"" value=""TitlecaseAlphabetic""/><node id=""4.2"" isNegative=""no"" isReference=""no"" isRegex=""no"" label=""Value"" nodeImplementation=""Input"" reqd=""0"" type=""3"" value=""alencar""/><node id=""4.3"" isNegative=""no"" isReference=""no"" isRegex=""no"" label=""Lemma"" nodeImplementation=""Input"" reqd=""0"" type=""3"" value=""Alencar""/><node id=""4.4"" isNegative=""no"" isReference=""no"" isRegex=""no"" label=""Part Of Speech"" nodeImplementation=""Input"" reqd=""0"" type=""3"" value=""Noun (Common)""/><node id=""4.5"" isNegative=""no"" isReference=""no"" isRegex=""no"" label=""Length"" nodeImplementation=""Input"" reqd=""0"" type=""3"" value=""7""/></node><node id=""5"" isNegative=""no"" isReference=""no"" isRegex=""no"" label="""" nodeImplementation=""Input"" reqd=""2"" type=""2"" typeQualifier=""com.ibm.uimatypes."" value=""Token""><node id=""5.1"" isNegative=""no"" isReference=""no"" isRegex=""no"" label=""Type"" nodeImplementation=""Input"" originalValue=""TitlecaseAlphabetic"" reqd=""1"" type=""3"" value=""TitlecaseAlphabetic""/><node id=""5.2"" isNegative=""no"" isReference=""no"" isRegex=""no"" label=""Value"" nodeImplementation=""Input"" reqd=""0"" type=""3"" value=""castello""/><node id=""5.3"" isNegative=""no"" isReference=""no"" isRegex=""no"" label=""Lemma"" nodeImplementation=""Input"" reqd=""0"" type=""3"" value=""Castello""/><node id=""5.4"" isNegative=""no"" isReference=""no"" isRegex=""no"" label=""Part Of Speech"" nodeImplementation=""Input"" reqd=""0"" type=""3"" value=""Noun (Common)""/><node id=""5.5"" isNegative=""no"" isReference=""no"" isRegex=""no"" label=""Length"" nodeImplementation=""Input"" reqd=""0"" type=""3"" value=""8""/><node id=""5.6"" isNegative=""no"" isReference=""no"" isRegex=""no"" label=""Dictionary Match"" nodeImplementation=""Input"" reqd=""0"" type=""3"" value=""False""/></node><node id=""6"" isNegative=""no"" isReference=""no"" isRegex=""no"" label="""" nodeImplementation=""Input"" reqd=""2"" type=""2"" typeQualifier=""com.ibm.uimatypes."" value=""Token""><node id=""6.1"" isNegative=""no"" isReference=""no"" isRegex=""no"" label=""Type"" nodeImplementation=""Input"" originalValue=""TitlecaseAlphabetic"" reqd=""1"" type=""3"" value=""TitlecaseAlphabetic""/><node id=""6.2"" isNegative=""no"" isReference=""no"" isRegex=""no"" label=""Value"" nodeImplementation=""Input"" reqd=""0"" type=""3"" value=""branco""/><node id=""6.3"" isNegative=""no"" isReference=""no"" isRegex=""no"" label=""Lemma"" nodeImplementation=""Input"" reqd=""0"" type=""3"" value=""branco""/><node id=""6.4"" isNegative=""no"" isReference=""no"" isRegex=""no"" label=""Part Of Speech"" nodeImplementation=""Input"" reqd=""0"" type=""3"" value=""Adjective""/><node id=""6.5"" isNegative=""no"" isReference=""no"" isRegex=""no"" label=""Length"" nodeImplementation=""Input"" reqd=""0"" type=""3"" value=""6""/></node></node></node></treeModel>","<?xml version=""1.0"" encoding=""UTF-8""?><treeModel><node id="""" isNegative=""no"" isReference=""no"" isRegex=""no"" label=""Output"" nodeImplementation=""Output"" type=""4"" value=""Output""><node id="""" isNegative=""no"" isReference=""no"" isRegex=""no"" label=""1232100531543"" nodeImplementation=""Output"" type=""6"" typeQualifier=""com.ibm."" value=""Person""><node id="""" isNegative=""no"" isReference=""no"" isRegex=""no"" label=""Features"" nodeImplementation=""Output"" type=""9"" value=""""/><node id="""" isNegative=""no"" isReference=""no"" isRegex=""no"" label=""Subtree"" nodeImplementation=""Output"" type=""18"" typeQualifier=""com.ibm."" value=""""><node id=""1"" isNegative=""no"" isReference=""no"" isRegex=""no"" label="""" nodeImplementation=""Output"" type=""6"" typeQualifier=""com.ibm."" value=""DictTitle""><node id=""1.1"" isNegative=""no"" isReference=""no"" isRegex=""no"" label=""Subtree"" nodeImplementation=""Output"" type=""18"" value=""""><node id=""1.1.1"" isNegative=""no"" isReference=""no"" isRegex=""no"" label="""" nodeImplementation=""Output"" type=""2"" typeQualifier=""com.ibm.uimatypes."" value=""Token""><node id=""1.1.1.1"" isNegative=""no"" isReference=""no"" isRegex=""no"" label=""Type"" nodeImplementation=""Output"" type=""3"" value=""LowercaseAlphabetic""/><node id=""1.1.1.2"" isNegative=""no"" isReference=""no"" isRegex=""no"" label=""Value"" nodeImplementation=""Output"" type=""3"" value=""marechal""/><node id=""1.1.1.3"" isNegative=""no"" isReference=""no"" isRegex=""no"" label=""Lemma"" nodeImplementation=""Output"" type=""3"" value=""marechal""/><node id=""1.1.1.4"" isNegative=""no"" isReference=""no"" isRegex=""no"" label=""Part Of Speech"" nodeImplementation=""Output"" type=""3"" value=""Noun (Common)""/><node id=""1.1.1.5"" isNegative=""no"" isReference=""no"" isRegex=""no"" label=""Length"" nodeImplementation=""Output"" type=""3"" value=""8""/></node></node></node><node id=""2"" isNegative=""no"" isReference=""no"" isRegex=""no"" label="""" nodeImplementation=""Output"" type=""6"" typeQualifier=""com.ibm."" value=""DictFirstName""><node id=""2.1"" isNegative=""no"" isReference=""no"" isRegex=""no"" label=""Subtree"" nodeImplementation=""Output"" type=""18"" value=""""><node id=""2.1.1"" isNegative=""no"" isReference=""no"" isRegex=""no"" label="""" nodeImplementation=""Output"" type=""2"" typeQualifier=""com.ibm.uimatypes."" value=""Token""><node id=""2.1.1.1"" isNegative=""no"" isReference=""no"" isRegex=""no"" label=""Type"" nodeImplementation=""Output"" type=""3"" value=""TitlecaseAlphabetic""/><node id=""2.1.1.2"" isNegative=""no"" isReference=""no"" isRegex=""no"" label=""Value"" nodeImplementation=""Output"" type=""3"" value=""humberto""/><node id=""2.1.1.3"" isNegative=""no"" isReference=""no"" isRegex=""no"" label=""Lemma"" nodeImplementation=""Output"" type=""3"" value=""Humberto""/><node id=""2.1.1.4"" isNegative=""no"" isReference=""no"" isRegex=""no"" label=""Part Of Speech"" nodeImplementation=""Output"" type=""3"" value=""Noun (Common)""/><node id=""2.1.1.5"" isNegative=""no"" isReference=""no"" isRegex=""no"" label=""Length"" nodeImplementation=""Output"" type=""3"" value=""8""/></node></node></node><node id=""3"" isNegative=""no"" isReference=""no"" isRegex=""no"" label="""" nodeImplementation=""Output"" type=""2"" typeQualifier=""com.ibm.uimatypes."" value=""Token""><node id=""3.1"" isNegative=""no"" isReference=""no"" isRegex=""no"" label=""Type"" nodeImplementation=""Output"" type=""3"" value=""LowercaseAlphabetic""/><node id=""3.2"" isNegative=""no"" isReference=""no"" isRegex=""no"" label=""Value"" nodeImplementation=""Output"" type=""3"" value=""de""/><node id=""3.3"" isNegative=""no"" isReference=""no"" isRegex=""no"" label=""Lemma"" nodeImplementation=""Output"" type=""3"" value=""de""/><node id=""3.4"" isNegative=""no"" isReference=""no"" isRegex=""no"" label=""Part Of Speech"" nodeImplementation=""Output"" type=""3"" value=""Preposition""/><node id=""3.5"" isNegative=""no"" isReference=""no"" isRegex=""no"" label=""Length"" nodeImplementation=""Output"" type=""3"" value=""2""/></node><node id=""4"" isNegative=""no"" isReference=""no"" isRegex=""no"" label="""" nodeImplementation=""Output"" type=""2"" typeQualifier=""com.ibm.uimatypes."" value=""Token""><node id=""4.1"" isNegative=""no"" isReference=""no"" isRegex=""no"" label=""Type"" nodeImplementation=""Output"" type=""3"" value=""TitlecaseAlphabetic""/><node id=""4.2"" isNegative=""no"" isReference=""no"" isRegex=""no"" label=""Value"" nodeImplementation=""Output"" type=""3"" value=""alencar""/><node id=""4.3"" isNegative=""no"" isReference=""no"" isRegex=""no"" label=""Lemma"" nodeImplementation=""Output"" type=""3"" value=""Alencar""/><node id=""4.4"" isNegative=""no"" isReference=""no"" isRegex=""no"" label=""Part Of Speech"" nodeImplementation=""Output"" type=""3"" value=""Noun (Common)""/><node id=""4.5"" isNegative=""no"" isReference=""no"" isRegex=""no"" label=""Length"" nodeImplementation=""Output"" type=""3"" value=""7""/></node><node id=""5"" isNegative=""no"" isReference=""no"" isRegex=""no"" label="""" nodeImplementation=""Output"" type=""2"" typeQualifier=""com.ibm.uimatypes."" value=""Token""><node id=""5.1"" isNegative=""no"" isReference=""no"" isRegex=""no"" label=""Type"" nodeImplementation=""Output"" type=""3"" value=""TitlecaseAlphabetic""/><node id=""5.2"" isNegative=""no"" isReference=""no"" isRegex=""no"" label=""Value"" nodeImplementation=""Output"" type=""3"" value=""castello""/><node id=""5.3"" isNegative=""no"" isReference=""no"" isRegex=""no"" label=""Lemma"" nodeImplementation=""Output"" type=""3"" value=""Castello""/><node id=""5.4"" isNegative=""no"" isReference=""no"" isRegex=""no"" label=""Part Of Speech"" nodeImplementation=""Output"" type=""3"" value=""Noun (Common)""/><node id=""5.5"" isNegative=""no"" isReference=""no"" isRegex=""no"" label=""Length"" nodeImplementation=""Output"" type=""3"" value=""8""/><node id=""5.6"" isNegative=""no"" isReference=""no"" isRegex=""no"" label=""Dictionary Match"" nodeImplementation=""Output"" type=""3"" value=""False""/></node><node id=""6"" isNegative=""no"" isReference=""no"" isRegex=""no"" label="""" nodeImplementation=""Output"" type=""2"" typeQualifier=""com.ibm.uimatypes."" value=""Token""><node id=""6.1"" isNegative=""no"" isReference=""no"" isRegex=""no"" label=""Type"" nodeImplementation=""Output"" type=""3"" value=""TitlecaseAlphabetic""/><node id=""6.2"" isNegative=""no"" isReference=""no"" isRegex=""no"" label=""Value"" nodeImplementation=""Output"" type=""3"" value=""branco""/><node id=""6.3"" isNegative=""no"" isReference=""no"" isRegex=""no"" label=""Lemma"" nodeImplementation=""Output"" type=""3"" value=""branco""/><node id=""6.4"" isNegative=""no"" isReference=""no"" isRegex=""no"" label=""Part Of Speech"" nodeImplementation=""Output"" type=""3"" value=""Adjective""/><node id=""6.5"" isNegative=""no"" isReference=""no"" isRegex=""no"" label=""Length"" nodeImplementation=""Output"" type=""3"" value=""6""/></node></node></node></node></treeModel>","( <E>/[Type_com_ibm_Person
. Type_com_ibm_DictTitle[]
. Type_com_ibm_DictFirstName[]+
. (LowercaseAlphabetic[_lemma=~""de""] | (Type_uima_tt_DictionaryEntryAnnotation[@descend] . LowercaseAlphabetic[_lemma=~""de""] . <U>))?
. (TitlecaseAlphabetic[] | (Type_uima_tt_DictionaryEntryAnnotation[@descend] . TitlecaseAlphabetic[] . <U>))
. (TitlecaseAlphabetic[] | (Type_uima_tt_DictionaryEntryAnnotation[@descend] . TitlecaseAlphabetic[] . <U>))?
. (TitlecaseAlphabetic[] | (Type_uima_tt_DictionaryEntryAnnotation[@descend] . TitlecaseAlphabetic[] . <U>))?
. <E>/]Type_com_ibm_Person[\ruleId=""894C567593F559060F7C5A8B28DF71E8""] )
. <E>/[$ruleid=""894C567593F559060F7C5A8B28DF71E8""]","<?xml version=""1.0"" encoding=""UTF-8""?><root><alltypes><type name=""com.ibm.Person""><supertype name=""uima.tcas.Annotation""/><allfeatures><feature featuretype=""uima.cas.String"" name=""ruleId""/></allfeatures><allpriorities><lowerpriority name=""com.ibm.DictFirstName""/><lowerpriority name=""com.ibm.DictTitle""/><lowerpriority name=""uima.tt.TokenAnnotation""/></allpriorities></type></alltypes><allinputs><input name=""com.ibm.DictFirstName""><supertype name=""uima.tcas.Annotation""/><allfeatures/></input><input name=""com.ibm.DictTitle""><supertype name=""uima.tcas.Annotation""/><allfeatures/></input><input name=""uima.tt.TokenAnnotation""><supertype name=""uima.tcas.Annotation""/><allfeatures/></input></allinputs><allignoredtypes><ignoredtype covering=""uima.tt.TokenAnnotation"" enabled=""true"" name=""uima.tt.DictionaryEntryAnnotation""/></allignoredtypes><scope name=""Sentence""/><manuallyEdited>false</manuallyEdited><typemappings><mapping symbol=""Type_com_ibm_DictTitle"" typename=""com.ibm.DictTitle""/><mapping symbol=""Type_com_ibm_Person"" typename=""com.ibm.Person""/><mapping symbol=""Type_com_ibm_DictFirstName"" typename=""com.ibm.DictFirstName""/><mapping symbol=""Type_uima_tt_TokenAnnotation"" typename=""uima.tt.TokenAnnotation""/><mapping symbol=""Type_uima_tt_DictionaryEntryAnnotation"" typename=""uima.tt.DictionaryEntryAnnotation""/></typemappings></root>","",""
"N","Default","Phrases","","Auro Soares de Moura","2009-01-16T00:00:00.000","2016-04-26T20:30:24.346","CDE60CCE9E6FD4149E132B6846BCA4CD","0","1","Portuguese People.anno","18- o presidente do Senado, Auro Soares de Moura ","<?xml version=""1.0"" encoding=""UTF-8""?><treeModel><node id="""" isNegative=""no"" isReference=""no"" isRegex=""no"" label="""" nodeImplementation=""Input"" reqd=""1"" type=""0"" value=""Input""><node id="""" isNegative=""no"" isReference=""no"" isRegex=""no"" label="""" nodeImplementation=""Input"" reqd=""1"" type=""1"" value=""Phrases""><node id=""1"" isNegative=""no"" isReference=""no"" isRegex=""no"" label="""" nodeImplementation=""Input"" reqd=""1"" type=""6"" typeQualifier=""com.ibm."" value=""DictFirstName""><node id=""1.1"" isNegative=""no"" isReference=""no"" isRegex=""no"" label=""Subtree"" nodeImplementation=""Input"" reqd=""0"" type=""18"" value=""""><node id=""1.1.1"" isNegative=""no"" isReference=""no"" isRegex=""no"" label="""" nodeImplementation=""Input"" reqd=""0"" type=""2"" typeQualifier=""uima.tt."" value=""Token""><node id=""1.1.1.1"" isNegative=""no"" isReference=""no"" isRegex=""no"" label=""Type"" nodeImplementation=""Input"" originalValue=""TitlecaseAlphabetic"" reqd=""0"" type=""3"" value=""TitlecaseAlphabetic""/><node id=""1.1.1.2"" isNegative=""no"" isReference=""no"" isRegex=""no"" label=""Value"" nodeImplementation=""Input"" reqd=""0"" type=""3"" value=""auro""/><node id=""1.1.1.3"" isNegative=""no"" isReference=""no"" isRegex=""no"" label=""Lemma"" nodeImplementation=""Input"" reqd=""0"" type=""3"" value=""Auro""/><node id=""1.1.1.4"" isNegative=""no"" isReference=""no"" isRegex=""no"" label=""Part Of Speech"" nodeImplementation=""Input"" reqd=""0"" type=""3"" value=""Noun (Common)""/><node id=""1.1.1.5"" isNegative=""no"" isReference=""no"" isRegex=""no"" label=""Length"" nodeImplementation=""Input"" reqd=""0"" type=""3"" value=""4""/></node></node></node><node id=""2"" isNegative=""no"" isReference=""no"" isRegex=""no"" label="""" nodeImplementation=""Input"" reqd=""3"" type=""2"" typeQualifier=""uima.tt."" value=""Token""><node id=""2.1"" isNegative=""no"" isReference=""no"" isRegex=""no"" label=""Type"" nodeImplementation=""Input"" originalValue=""TitlecaseAlphabetic"" reqd=""1"" type=""3"" value=""TitlecaseAlphabetic""/><node id=""2.2"" isNegative=""no"" isReference=""no"" isRegex=""no"" label=""Value"" nodeImplementation=""Input"" reqd=""0"" type=""3"" value=""soares""/><node id=""2.3"" isNegative=""no"" isReference=""no"" isRegex=""no"" label=""Lemma"" nodeImplementation=""Input"" reqd=""0"" type=""3"" value=""Soares""/><node id=""2.4"" isNegative=""no"" isReference=""no"" isRegex=""no"" label=""Part Of Speech"" nodeImplementation=""Input"" reqd=""0"" type=""3"" value=""Noun (Common)""/><node id=""2.5"" isNegative=""no"" isReference=""no"" isRegex=""no"" label=""Length"" nodeImplementation=""Input"" reqd=""0"" type=""3"" value=""6""/></node><node id=""3"" isNegative=""no"" isReference=""no"" isRegex=""no"" label="""" nodeImplementation=""Input"" reqd=""2"" type=""2"" typeQualifier=""uima.tt."" value=""Token""><node id=""3.1"" isNegative=""no"" isReference=""no"" isRegex=""no"" label=""Type"" nodeImplementation=""Input"" originalValue=""LowercaseAlphabetic"" reqd=""1"" type=""3"" value=""LowercaseAlphabetic""/><node id=""3.2"" isNegative=""no"" isReference=""no"" isRegex=""no"" label=""Value"" nodeImplementation=""Input"" reqd=""0"" type=""3"" value=""de""/><node id=""3.3"" isNegative=""no"" isReference=""no"" isRegex=""no"" label=""Lemma"" nodeImplementation=""Input"" reqd=""1"" type=""3"" value=""de""/><node id=""3.4"" isNegative=""no"" isReference=""no"" isRegex=""no"" label=""Part Of Speech"" nodeImplementation=""Input"" reqd=""1"" type=""3"" value=""Preposition""/><node id=""3.5"" isNegative=""no"" isReference=""no"" isRegex=""no"" label=""Length"" nodeImplementation=""Input"" reqd=""0"" type=""3"" value=""2""/></node><node id=""4"" isNegative=""no"" isReference=""no"" isRegex=""no"" label="""" nodeImplementation=""Input"" reqd=""2"" type=""2"" typeQualifier=""uima.tt."" value=""Token""><node id=""4.1"" isNegative=""no"" isReference=""no"" isRegex=""no"" label=""Type"" nodeImplementation=""Input"" originalValue=""TitlecaseAlphabetic"" reqd=""1"" type=""3"" value=""TitlecaseAlphabetic""/><node id=""4.2"" isNegative=""no"" isReference=""no"" isRegex=""no"" label=""Value"" nodeImplementation=""Input"" reqd=""0"" type=""3"" value=""moura""/><node id=""4.3"" isNegative=""no"" isReference=""no"" isRegex=""no"" label=""Lemma"" nodeImplementation=""Input"" reqd=""0"" type=""3"" value=""mouro""/><node id=""4.4"" isNegative=""no"" isReference=""no"" isRegex=""no"" label=""Part Of Speech"" nodeImplementation=""Input"" reqd=""0"" type=""3"" value=""Noun (Common)""/><node id=""4.5"" isNegative=""no"" isReference=""no"" isRegex=""no"" label=""Length"" nodeImplementation=""Input"" reqd=""0"" type=""3"" value=""5""/></node></node></node></treeModel>","<?xml version=""1.0"" encoding=""UTF-8""?><treeModel><node id="""" isNegative=""no"" isReference=""no"" isRegex=""no"" label=""Output"" nodeImplementation=""Output"" type=""4"" value=""Output""><node id="""" isNegative=""no"" isReference=""no"" isRegex=""no"" label=""1232100652385"" nodeImplementation=""Output"" type=""6"" typeQualifier=""com.ibm."" value=""Person""><node id="""" isNegative=""no"" isReference=""no"" isRegex=""no"" label=""Features"" nodeImplementation=""Output"" type=""9"" value=""""/><node id="""" isNegative=""no"" isReference=""no"" isRegex=""no"" label=""Subtree"" nodeImplementation=""Output"" type=""18"" typeQualifier=""com.ibm."" value=""""><node id=""1"" isNegative=""no"" isReference=""no"" isRegex=""no"" label="""" nodeImplementation=""Output"" type=""6"" typeQualifier=""com.ibm."" value=""DictFirstName""><node id=""1.1"" isNegative=""no"" isReference=""no"" isRegex=""no"" label=""Subtree"" nodeImplementation=""Output"" type=""18"" value=""""><node id=""1.1.1"" isNegative=""no"" isReference=""no"" isRegex=""no"" label="""" nodeImplementation=""Output"" type=""2"" typeQualifier=""uima.tt."" value=""Token""><node id=""1.1.1.1"" isNegative=""no"" isReference=""no"" isRegex=""no"" label=""Type"" nodeImplementation=""Output"" type=""3"" value=""TitlecaseAlphabetic""/><node id=""1.1.1.2"" isNegative=""no"" isReference=""no"" isRegex=""no"" label=""Value"" nodeImplementation=""Output"" type=""3"" value=""auro""/><node id=""1.1.1.3"" isNegative=""no"" isReference=""no"" isRegex=""no"" label=""Lemma"" nodeImplementation=""Output"" type=""3"" value=""Auro""/><node id=""1.1.1.4"" isNegative=""no"" isReference=""no"" isRegex=""no"" label=""Part Of Speech"" nodeImplementation=""Output"" type=""3"" value=""Noun (Common)""/><node id=""1.1.1.5"" isNegative=""no"" isReference=""no"" isRegex=""no"" label=""Length"" nodeImplementation=""Output"" type=""3"" value=""4""/></node></node></node><node id=""2"" isNegative=""no"" isReference=""no"" isRegex=""no"" label="""" nodeImplementation=""Output"" type=""2"" typeQualifier=""uima.tt."" value=""Token""><node id=""2.1"" isNegative=""no"" isReference=""no"" isRegex=""no"" label=""Type"" nodeImplementation=""Output"" type=""3"" value=""TitlecaseAlphabetic""/><node id=""2.2"" isNegative=""no"" isReference=""no"" isRegex=""no"" label=""Value"" nodeImplementation=""Output"" type=""3"" value=""soares""/><node id=""2.3"" isNegative=""no"" isReference=""no"" isRegex=""no"" label=""Lemma"" nodeImplementation=""Output"" type=""3"" value=""Soares""/><node id=""2.4"" isNegative=""no"" isReference=""no"" isRegex=""no"" label=""Part Of Speech"" nodeImplementation=""Output"" type=""3"" value=""Noun (Common)""/><node id=""2.5"" isNegative=""no"" isReference=""no"" isRegex=""no"" label=""Length"" nodeImplementation=""Output"" type=""3"" value=""6""/></node><node id=""3"" isNegative=""no"" isReference=""no"" isRegex=""no"" label="""" nodeImplementation=""Output"" type=""2"" typeQualifier=""uima.tt."" value=""Token""><node id=""3.1"" isNegative=""no"" isReference=""no"" isRegex=""no"" label=""Type"" nodeImplementation=""Output"" type=""3"" value=""LowercaseAlphabetic""/><node id=""3.2"" isNegative=""no"" isReference=""no"" isRegex=""no"" label=""Value"" nodeImplementation=""Output"" type=""3"" value=""de""/><node id=""3.3"" isNegative=""no"" isReference=""no"" isRegex=""no"" label=""Lemma"" nodeImplementation=""Output"" type=""3"" value=""de""/><node id=""3.4"" isNegative=""no"" isReference=""no"" isRegex=""no"" label=""Part Of Speech"" nodeImplementation=""Output"" type=""3"" value=""Preposition""/><node id=""3.5"" isNegative=""no"" isReference=""no"" isRegex=""no"" label=""Length"" nodeImplementation=""Output"" type=""3"" value=""2""/></node><node id=""4"" isNegative=""no"" isReference=""no"" isRegex=""no"" label="""" nodeImplementation=""Output"" type=""2"" typeQualifier=""uima.tt."" value=""Token""><node id=""4.1"" isNegative=""no"" isReference=""no"" isRegex=""no"" label=""Type"" nodeImplementation=""Output"" type=""3"" value=""TitlecaseAlphabetic""/><node id=""4.2"" isNegative=""no"" isReference=""no"" isRegex=""no"" label=""Value"" nodeImplementation=""Output"" type=""3"" value=""moura""/><node id=""4.3"" isNegative=""no"" isReference=""no"" isRegex=""no"" label=""Lemma"" nodeImplementation=""Output"" type=""3"" value=""mouro""/><node id=""4.4"" isNegative=""no"" isReference=""no"" isRegex=""no"" label=""Part Of Speech"" nodeImplementation=""Output"" type=""3"" value=""Noun (Common)""/><node id=""4.5"" isNegative=""no"" isReference=""no"" isRegex=""no"" label=""Length"" nodeImplementation=""Output"" type=""3"" value=""5""/></node></node></node></node></treeModel>","( <E>/[Type_com_ibm_Person
. Type_com_ibm_DictFirstName[]
. (TitlecaseAlphabetic[] | (Type_uima_tt_DictionaryEntryAnnotation[@descend] . TitlecaseAlphabetic[] . <U>))+
. (LowercaseAlphabetic[_lemma=~""de"",_unilex=~:^IN$:] | (Type_uima_tt_DictionaryEntryAnnotation[@descend] . LowercaseAlphabetic[_lemma=~""de"",_unilex=~:^IN$:] . <U>))?
. (TitlecaseAlphabetic[] | (Type_uima_tt_DictionaryEntryAnnotation[@descend] . TitlecaseAlphabetic[] . <U>))?
. <E>/]Type_com_ibm_Person[\ruleId=""CDE60CCE9E6FD4149E132B6846BCA4CD""] )
. <E>/[$ruleid=""CDE60CCE9E6FD4149E132B6846BCA4CD""]","<?xml version=""1.0"" encoding=""UTF-8""?><root><alltypes><type name=""com.ibm.Person""><supertype name=""uima.tcas.Annotation""/><allfeatures><feature featuretype=""uima.cas.String"" name=""ruleId""/></allfeatures><allpriorities><lowerpriority name=""com.ibm.DictFirstName""/><lowerpriority name=""uima.tt.TokenAnnotation""/></allpriorities></type></alltypes><allinputs><input name=""com.ibm.DictFirstName""><supertype name=""uima.tcas.Annotation""/><allfeatures/></input><input name=""uima.tt.TokenAnnotation""><supertype name=""uima.tcas.Annotation""/><allfeatures/></input></allinputs><allignoredtypes><ignoredtype covering=""uima.tt.TokenAnnotation"" enabled=""true"" name=""uima.tt.DictionaryEntryAnnotation""/></allignoredtypes><scope name=""Sentence""/><manuallyEdited>false</manuallyEdited><typemappings><mapping symbol=""Type_com_ibm_Person"" typename=""com.ibm.Person""/><mapping symbol=""Type_com_ibm_DictFirstName"" typename=""com.ibm.DictFirstName""/><mapping symbol=""Type_uima_tt_TokenAnnotation"" typename=""uima.tt.TokenAnnotation""/><mapping symbol=""Type_uima_tt_DictionaryEntryAnnotation"" typename=""uima.tt.DictionaryEntryAnnotation""/></typemappings></root>","",""
"N","Default","Entities","","Renato de Pierri","2009-01-16T10:13:34.305","2016-04-26T20:30:24.378","0E7F22548D167001F7DF314FFCCEB87D","1","1","Portuguese People.anno","19- Para Renato de Pierri, também IT Specialist, outro vencedor brasileiro, ","<?xml version=""1.0"" encoding=""UTF-8""?><treeModel><node id="""" isNegative=""no"" isReference=""no"" isRegex=""no"" label="""" nodeImplementation=""Input"" reqd=""1"" type=""0"" value=""Input""><node id="""" isNegative=""no"" isReference=""no"" isRegex=""no"" label="""" nodeImplementation=""Input"" reqd=""1"" type=""1"" value=""Entities""><node id=""1"" isNegative=""no"" isReference=""no"" isRegex=""no"" label="""" nodeImplementation=""Input"" reqd=""1"" type=""6"" typeQualifier=""com.ibm."" value=""DictFirstName""><node id=""1.1"" isNegative=""no"" isReference=""no"" isRegex=""no"" label=""Subtree"" nodeImplementation=""Input"" reqd=""0"" type=""18"" value=""""><node id=""1.1.1"" isNegative=""no"" isReference=""no"" isRegex=""no"" label="""" nodeImplementation=""Input"" reqd=""0"" type=""2"" typeQualifier=""com.ibm.uimatypes."" value=""Token""><node id=""1.1.1.1"" isNegative=""no"" isReference=""no"" isRegex=""no"" label=""Type"" nodeImplementation=""Input"" originalValue=""TitlecaseAlphabetic"" reqd=""0"" type=""3"" value=""TitlecaseAlphabetic""/><node id=""1.1.1.2"" isNegative=""no"" isReference=""no"" isRegex=""no"" label=""Value"" nodeImplementation=""Input"" reqd=""0"" type=""3"" value=""renato""/><node id=""1.1.1.3"" isNegative=""no"" isReference=""no"" isRegex=""no"" label=""Lemma"" nodeImplementation=""Input"" reqd=""0"" type=""3"" value=""Renato""/><node id=""1.1.1.4"" isNegative=""no"" isReference=""no"" isRegex=""no"" label=""Part Of Speech"" nodeImplementation=""Input"" reqd=""0"" type=""3"" value=""Noun (Common)""/><node id=""1.1.1.5"" isNegative=""no"" isReference=""no"" isRegex=""no"" label=""Length"" nodeImplementation=""Input"" reqd=""0"" type=""3"" value=""6""/></node></node></node><node id=""2"" isNegative=""no"" isReference=""no"" isRegex=""no"" label="""" nodeImplementation=""Input"" reqd=""2"" type=""2"" typeQualifier=""com.ibm.uimatypes."" value=""Token""><node id=""2.1"" isNegative=""no"" isReference=""no"" isRegex=""no"" label=""Type"" nodeImplementation=""Input"" originalValue=""LowercaseAlphabetic"" reqd=""1"" type=""3"" value=""LowercaseAlphabetic""/><node id=""2.2"" isNegative=""no"" isReference=""no"" isRegex=""no"" label=""Value"" nodeImplementation=""Input"" reqd=""0"" type=""3"" value=""de""/><node id=""2.3"" isNegative=""no"" isReference=""no"" isRegex=""no"" label=""Lemma"" nodeImplementation=""Input"" reqd=""1"" type=""3"" value=""de""/><node id=""2.4"" isNegative=""no"" isReference=""no"" isRegex=""no"" label=""Part Of Speech"" nodeImplementation=""Input"" reqd=""0"" type=""3"" value=""Preposition""/><node id=""2.5"" isNegative=""no"" isReference=""no"" isRegex=""no"" label=""Length"" nodeImplementation=""Input"" reqd=""0"" type=""3"" value=""2""/></node><node id=""3"" isNegative=""no"" isReference=""no"" isRegex=""no"" label="""" nodeImplementation=""Input"" reqd=""1"" type=""2"" typeQualifier=""com.ibm.uimatypes."" value=""Token""><node id=""3.1"" isNegative=""no"" isReference=""no"" isRegex=""no"" label=""Type"" nodeImplementation=""Input"" originalValue=""TitlecaseAlphabetic"" reqd=""1"" type=""3"" value=""TitlecaseAlphabetic""/><node id=""3.2"" isNegative=""no"" isReference=""no"" isRegex=""no"" label=""Value"" nodeImplementation=""Input"" reqd=""0"" type=""3"" value=""pierri""/><node id=""3.3"" isNegative=""no"" isReference=""no"" isRegex=""no"" label=""Lemma"" nodeImplementation=""Input"" reqd=""0"" type=""3"" value=""pierrer""/><node id=""3.4"" isNegative=""no"" isReference=""no"" isRegex=""no"" label=""Part Of Speech"" nodeImplementation=""Input"" reqd=""0"" type=""3"" value=""Verb""/><node id=""3.5"" isNegative=""no"" isReference=""no"" isRegex=""no"" label=""Length"" nodeImplementation=""Input"" reqd=""0"" type=""3"" value=""6""/><node id=""3.6"" isNegative=""no"" isReference=""no"" isRegex=""no"" label=""Dictionary Match"" nodeImplementation=""Input"" reqd=""0"" type=""3"" value=""False""/></node></node></node></treeModel>","<?xml version=""1.0"" encoding=""UTF-8""?><treeModel><node id="""" isNegative=""no"" isReference=""no"" isRegex=""no"" label=""Output"" nodeImplementation=""Output"" type=""4"" value=""Output""><node id="""" isNegative=""no"" isReference=""no"" isRegex=""no"" label=""1232100807363"" nodeImplementation=""Output"" type=""6"" typeQualifier=""com.ibm."" value=""Person""><node id="""" isNegative=""no"" isReference=""no"" isRegex=""no"" label=""Features"" nodeImplementation=""Output"" type=""9"" value=""""/><node id="""" isNegative=""no"" isReference=""no"" isRegex=""no"" label=""Subtree"" nodeImplementation=""Output"" type=""18"" typeQualifier=""com.ibm."" value=""""><node id=""1"" isNegative=""no"" isReference=""no"" isRegex=""no"" label="""" nodeImplementation=""Output"" type=""6"" typeQualifier=""com.ibm."" value=""DictFirstName""><node id=""1.1"" isNegative=""no"" isReference=""no"" isRegex=""no"" label=""Subtree"" nodeImplementation=""Output"" type=""18"" value=""""><node id=""1.1.1"" isNegative=""no"" isReference=""no"" isRegex=""no"" label="""" nodeImplementation=""Output"" type=""2"" typeQualifier=""com.ibm.uimatypes."" value=""Token""><node id=""1.1.1.1"" isNegative=""no"" isReference=""no"" isRegex=""no"" label=""Type"" nodeImplementation=""Output"" type=""3"" value=""TitlecaseAlphabetic""/><node id=""1.1.1.2"" isNegative=""no"" isReference=""no"" isRegex=""no"" label=""Value"" nodeImplementation=""Output"" type=""3"" value=""renato""/><node id=""1.1.1.3"" isNegative=""no"" isReference=""no"" isRegex=""no"" label=""Lemma"" nodeImplementation=""Output"" type=""3"" value=""Renato""/><node id=""1.1.1.4"" isNegative=""no"" isReference=""no"" isRegex=""no"" label=""Part Of Speech"" nodeImplementation=""Output"" type=""3"" value=""Noun (Common)""/><node id=""1.1.1.5"" isNegative=""no"" isReference=""no"" isRegex=""no"" label=""Length"" nodeImplementation=""Output"" type=""3"" value=""6""/></node></node></node><node id=""2"" isNegative=""no"" isReference=""no"" isRegex=""no"" label="""" nodeImplementation=""Output"" type=""2"" typeQualifier=""com.ibm.uimatypes."" value=""Token""><node id=""2.1"" isNegative=""no"" isReference=""no"" isRegex=""no"" label=""Type"" nodeImplementation=""Output"" type=""3"" value=""LowercaseAlphabetic""/><node id=""2.2"" isNegative=""no"" isReference=""no"" isRegex=""no"" label=""Value"" nodeImplementation=""Output"" type=""3"" value=""de""/><node id=""2.3"" isNegative=""no"" isReference=""no"" isRegex=""no"" label=""Lemma"" nodeImplementation=""Output"" type=""3"" value=""de""/><node id=""2.4"" isNegative=""no"" isReference=""no"" isRegex=""no"" label=""Part Of Speech"" nodeImplementation=""Output"" type=""3"" value=""Preposition""/><node id=""2.5"" isNegative=""no"" isReference=""no"" isRegex=""no"" label=""Length"" nodeImplementation=""Output"" type=""3"" value=""2""/></node><node id=""3"" isNegative=""no"" isReference=""no"" isRegex=""no"" label="""" nodeImplementation=""Output"" type=""2"" typeQualifier=""com.ibm.uimatypes."" value=""Token""><node id=""3.1"" isNegative=""no"" isReference=""no"" isRegex=""no"" label=""Type"" nodeImplementation=""Output"" type=""3"" value=""TitlecaseAlphabetic""/><node id=""3.2"" isNegative=""no"" isReference=""no"" isRegex=""no"" label=""Value"" nodeImplementation=""Output"" type=""3"" value=""pierri""/><node id=""3.3"" isNegative=""no"" isReference=""no"" isRegex=""no"" label=""Lemma"" nodeImplementation=""Output"" type=""3"" value=""pierrer""/><node id=""3.4"" isNegative=""no"" isReference=""no"" isRegex=""no"" label=""Part Of Speech"" nodeImplementation=""Output"" type=""3"" value=""Verb""/><node id=""3.5"" isNegative=""no"" isReference=""no"" isRegex=""no"" label=""Length"" nodeImplementation=""Output"" type=""3"" value=""6""/><node id=""3.6"" isNegative=""no"" isReference=""no"" isRegex=""no"" label=""Dictionary Match"" nodeImplementation=""Output"" type=""3"" value=""False""/></node></node></node></node></treeModel>","( <E>/[Type_com_ibm_Person
. Type_com_ibm_DictFirstName[]
. (LowercaseAlphabetic[_lemma=~""de""] | (Type_uima_tt_DictionaryEntryAnnotation[@descend] . LowercaseAlphabetic[_lemma=~""de""] . <U>))?
. (TitlecaseAlphabetic[] | (Type_uima_tt_DictionaryEntryAnnotation[@descend] . TitlecaseAlphabetic[] . <U>))
. <E>/]Type_com_ibm_Person[\ruleId=""0E7F22548D167001F7DF314FFCCEB87D""] )
. <E>/[$ruleid=""0E7F22548D167001F7DF314FFCCEB87D""]","<?xml version=""1.0"" encoding=""UTF-8""?><root><alltypes><type name=""com.ibm.Person""><supertype name=""uima.tcas.Annotation""/><allfeatures><feature featuretype=""uima.cas.String"" name=""ruleId""/></allfeatures><allpriorities><lowerpriority name=""com.ibm.DictFirstName""/><lowerpriority name=""uima.tt.TokenAnnotation""/></allpriorities></type></alltypes><allinputs><input name=""com.ibm.DictFirstName""><supertype name=""uima.tcas.Annotation""/><allfeatures/></input><input name=""uima.tt.TokenAnnotation""><supertype name=""uima.tcas.Annotation""/><allfeatures/></input></allinputs><allignoredtypes><ignoredtype covering=""uima.tt.TokenAnnotation"" enabled=""true"" name=""uima.tt.DictionaryEntryAnnotation""/></allignoredtypes><scope name=""Sentence""/><manuallyEdited>false</manuallyEdited><typemappings><mapping symbol=""Type_com_ibm_Person"" typename=""com.ibm.Person""/><mapping symbol=""Type_com_ibm_DictFirstName"" typename=""com.ibm.DictFirstName""/><mapping symbol=""Type_uima_tt_TokenAnnotation"" typename=""uima.tt.TokenAnnotation""/><mapping symbol=""Type_uima_tt_DictionaryEntryAnnotation"" typename=""uima.tt.DictionaryEntryAnnotation""/></typemappings></root>","",""
